Member_ID,Name,Contact_Info,Join_Date
1,Alice Johnson,alice.johnson@email.com,2018-01-10
2,Bob Smith,bob.smith@email.com,2018-03-15
3,Carol Brown,carol.brown@email.com,2018-06-20
4,David Williams,david.williams@email.com,2018-09-18
5,Emily Miller,emily.miller@email.com,2019-02-12
6,Frank Davis,frank.davis@email.com,2019-05-25
7,Grace Wilson,grace.wilson@email.com,2019-08-15
8,Harry Garcia,harry.garcia@email.com,2019-11-27
9,Isla Thomas,isla.thomas@email.com,2020-03-04
10,Jack Martinez,jack.martinez@email.com,2020-07-01
11,Kate Anderson,kate.anderson@email.com,2020-09-30
12,Luke Jackson,luke.jackson@email.com,2021-01-18
13,Mia White,mia.white@email.com,2021-04-27
14,Noah Harris,noah.harris@email.com,2021-07-13
15,Olivia Clark,olivia.clark@email.com,2021-10-05
16,Peter Lewis,peter.lewis@email.com,2021-12-01
17,Quinn Hall,quinn.hall@email.com,2022-02-28
18,Rachel Young,rachel.young@email.com,2022-06-17
19,Sam Walker,sam.walker@email.com,2022-09-25
20,Tiffany Allen,tiffany.allen@email.com,2022-12-10
21,Elizabeth Hanson,christopherwashington@perez-burgess.info,2021-04-03
22,Gregory Carr,nallen@gmail.com,2020-07-23
23,Jennifer Johnson,briannafox@yahoo.com,2021-03-12
24,Gary Smith,aaronhurst@pitts-brown.com,2023-10-06
25,Matthew Smith,losborne@baker-powell.biz,2022-09-11
26,Sarah Johnson,john39@johnson.com,2022-10-23
27,Mary Nelson,michael57@briggs.net,2024-01-21
28,Benjamin Costa,omeyer@hotmail.com,2020-09-06
29,Marissa Gregory,patrick40@gates-wilson.com,2020-10-17
30,Anita Clark DVM,meganduffy@norman.info,2023-04-28
31,Lisa Daniels,adrianreeves@yahoo.com,2023-07-20
32,Bryan Soto,twallace@hotmail.com,2024-08-19
33,Robin Key,lydia69@yahoo.com,2021-05-28
34,Casey Davis,tara49@gmail.com,2021-03-26
35,Robert Kaufman,weaveranthony@hotmail.com,2024-09-09
36,Caroline Miller,jennawilson@martin.com,2024-01-08
37,Michael Harris,hutchinsonjeffrey@yahoo.com,2024-07-28
38,Kelly Miller,bakercourtney@yahoo.com,2024-02-29
39,Kelly Phelps,wmiller@gmail.com,2024-02-28
40,Anthony Herrera Jr.,mitchelljenna@hotmail.com,2024-04-30
